Feature,Missing_Percentage,Unique_Values,Mean,Std,Correlation_With_Stress,Absolute_Correlation
Frustration,0.0,49,3.5125372023809525,2.20191136446736,0.5455602050778057,0.5455602050778057
NasaTLX,3.831845238095238,65,55.94854932301741,14.44089369211338,0.5365780040676346,0.5365780040676346
TemporalDemand,0.0,46,6.157440476190477,2.33812841971142,0.4943373406126198,0.4943373406126198
MentalDemand,0.0,41,5.118638392857143,2.069849863625937,0.46082993478890694,0.46082993478890694
Valence_rc,0.0,8,6.259300595238095,1.72853064572096,-0.41433765860373933,0.41433765860373933
Arousal_rc,0.0,9,4.868675595238095,1.870643927384049,0.38236206931606365,0.38236206931606365
MentalEffort,0.0,45,6.1476934523809526,2.2118658334043015,0.37149729350494,0.37149729350494
Ssurprised,4.947916666666666,2488,0.07687206536203522,0.14965573057336093,-0.30987031265852366,0.30987031265852366
SAu05_UpperLidRaiser,4.947916666666666,1150,0.445554257925636,0.9011480038926396,-0.2811756131189451,0.2811756131189451
PhysicalDemand,0.0,38,2.2354166666666666,1.8164189683965468,0.2774438393842419,0.2774438393842419
SCL,19.903273809523807,2153,221.0176486818393,193.2319049238672,0.2340447685069756,0.2340447685069756
Spine_ShoulderCenterShoulderCenter_ShoulderLeftavg,13.578869047619047,2323,64.20683523374946,9.496488901451853,-0.2240414438090888,0.2240414438090888
Performance_rc,0.0,46,5.6154761904761905,2.3335848457698023,-0.22033158987967327,0.22033158987967327
ShoulderCenter_HeadPlaneYZAxisZavg,13.578869047619047,2323,110.50707338656909,10.06627156582543,-0.2101879198437272,0.2101879198437272
Effort,0.0,44,5.7333333333333325,1.922630135229781,0.20696190933148315,0.20696190933148315
SyHeadOrientation,4.947916666666666,2550,-7.032814303718199,7.845472819261129,-0.20575714805242074,0.20575714805242074
SAu06_CheekRaiser,4.947916666666666,583,0.09061656868884539,0.3754496462619887,0.20269175229460504,0.20269175229460504
ShoulderRight_ElbowRightPlaneXYAxisYstdv,13.578869047619047,2323,44.36373358200603,50.55521014868585,-0.1939968094110592,0.1939968094110592
SleftEyebrowLowered,4.947916666666666,1250,0.15741514090019568,0.2225563291063803,0.1802020995645728,0.1802020995645728
SAu43_EyesClosed,4.947916666666666,1453,0.3492801045009785,0.5979061376087866,0.18016102233214726,0.18016102233214726
Dominance,0.0,8,5.754092261904762,1.8183670890477088,-0.17527013545205045,0.17527013545205045
ShoulderCenter_ShoulderLeftPlaneXYAxisYavg,13.578869047619047,2323,-117.93139772191131,10.026046059579846,-0.16610057072608772,0.16610057072608772
leftShoulderAngleavg,13.578869047619047,2323,-117.93139772191131,10.026046059579846,-0.16610057072608772,0.16610057072608772
avgDepthstdv,13.578869047619047,2323,22.882983790787776,3.4074122931638526,0.15981762202110197,0.15981762202110197
SAu10_UpperLipRaiser,4.947916666666666,900,0.18028174403131117,0.5185399428467545,0.15451066122194607,0.15451066122194607
WristLeft_HandLeftPlaneXYAxisYavg,13.578869047619047,2323,38.97024984718037,83.71464962246895,-0.15421773064040983,0.15421773064040983
SzHeadOrientation,4.947916666666666,2550,-1.652781753816047,4.756675994061945,-0.15303365961714244,0.15303365961714244
ShoulderCenter_HeadPlaneZXAxisXavg,13.578869047619047,2323,-58.49403176366767,24.90080979713166,0.14948498841357763,0.14948498841357763
Spine_ShoulderCenterPlaneZXAxisXavg,13.578869047619047,2323,-90.00027233663367,53.84842364107036,0.14922447051095497,0.14922447051095497
SAu25_LipsPart,4.947916666666666,1367,0.346306942074364,0.6037293403132271,-0.14758151285030807,0.14758151285030807
ShoulderLeft_ElbowLeftPlaneZXAxisXstdv,13.653273809523808,2321,26.904555276174065,39.71699765175802,0.14730354382867872,0.14730354382867872
ElbowLeft_WristLeftPlaneXYAxisYstdv,13.653273809523808,2321,49.37499975398535,53.09925246378746,0.14656845508661326,0.14656845508661326
ElbowLeft_WristLeftPlaneZXAxisXstdv,13.764880952380953,2318,18.215302948231237,24.66467507193561,0.14515137904222122,0.14515137904222122
SrightEyeClosed,4.947916666666666,1217,0.10873865479452055,0.16111836849629832,0.14480999692618912,0.14480999692618912
SAu26_JawDrop,4.947916666666666,612,0.0607759553816047,0.23190637138524428,-0.14022526359331797,0.14022526359331797
Ssad,4.947916666666666,2496,0.05266309745596869,0.06284382003764208,0.13669567087031836,0.13669567087031836
SleftEyebrowRaised,4.947916666666666,1173,0.17285546223091977,0.25729644272512053,-0.13507465129590396,0.13507465129590396
ShoulderLeft_ElbowLeftPlaneYZAxisZavg,13.578869047619047,2323,-111.41668823461042,15.369328887279798,0.13267175760493077,0.13267175760493077
SleftEyeClosed,4.947916666666666,1302,0.13782169902152644,0.18461993890848585,0.13169303975686958,0.13169303975686958
SrightEyebrowLowered,4.947916666666666,1108,0.12927602661448143,0.2258949281442314,0.12926681731894865,0.12926681731894865
SAu15_LipCornerDepressor,4.947916666666666,1139,0.2528839279843444,0.4951633259973718,-0.1195470491453223,0.1195470491453223
SmouthOpen,4.947916666666666,1209,0.13725165988258317,0.20608333864711395,-0.11826130108276162,0.11826130108276162
SAu02_OuterBrowRaiser,4.947916666666666,1229,0.3657378164383561,0.6807131845945144,-0.11802741429871985,0.11802741429871985
ShoulderRight_ElbowRightPlaneYZAxisZavg,13.578869047619047,2323,-96.75624212914335,37.58572396200505,0.11322520614381103,0.11322520614381103
Spine_ShoulderCenterPlaneXYAxisYavg,13.578869047619047,2323,-2.1142473934567367,4.61464231369516,0.11211436618519682,0.11211436618519682
HipCenter_SpinePlaneZXAxisXstdv,13.578869047619047,2323,35.78488665002152,41.73797944845295,-0.1112994945510643,0.1112994945510643
ElbowLeft_WristLeftWristLeft_HandLeftavg,13.578869047619047,2323,155.54611313689196,15.953185776872393,0.11096329980847686,0.11096329980847686
SAu24_LipPressor,4.947916666666666,587,0.05636634324853229,0.172744331374848,0.11082436971219371,0.11082436971219371
WristLeft_HandLeftPlaneYZAxisZavg,13.578869047619047,2323,-34.33779058071459,107.93936143953084,0.11015040461561873,0.11015040461561873
ShoulderCenter_HeadPlaneZXAxisXstdv,13.578869047619047,2323,12.268441060266897,12.285986919682841,0.10708553003279075,0.10708553003279075
Shappy,4.947916666666666,2429,0.023508162426614482,0.04023327572316778,0.10221110715419304,0.10221110715419304
Spine_ShoulderCenterShoulderCenter_Headavg,13.578869047619047,2323,157.57307463753767,7.447822945864003,0.10140547708132393,0.10140547708132393
ShoulderCenter_ShoulderLeftShoulderLeft_ElbowLeftavg,13.578869047619047,2323,131.59672782953078,13.841020828171805,0.101212888902776,0.101212888902776
HipCenter_SpineSpine_ShoulderCenteravg,13.578869047619047,2322,165.64203029057254,17.34189647083082,-0.10116937573501021,0.10116937573501021
rightShoulderAngleavg,13.578869047619047,2323,111.0146259065863,9.061956074788528,0.10074510904818834,0.10074510904818834
ShoulderCenter_ShoulderRightPlaneXYAxisYavg,13.578869047619047,2323,111.0146259065863,9.061956074788528,0.10074510904818834,0.10074510904818834
SgazeDirectionForward,4.947916666666666,1588,0.7292098176125245,0.21629249730702205,0.1003332538562753,0.1003332538562753
SAu14_Dimpler,4.947916666666666,1150,0.19151467397260274,0.46336006010962255,0.09950981297752469,0.09950981297752469
SgazeDirectionRight,4.947916666666666,775,0.03400048845401175,0.07312055230651765,-0.09860306475448427,0.09860306475448427
SnSpecialKeys,1.1532738095238095,131,31.701166729394053,27.46698954111067,-0.09785231540899186,0.09785231540899186
Sscared,4.947916666666666,1510,0.003425057925636008,0.009972210922882495,-0.09645246495426944,0.09645246495426944
SAu01_InnerBrowRaiser,4.947916666666666,1107,0.43705892054794526,0.9297340045109092,-0.09595416659296127,0.09595416659296127
WristLeft_HandLeftPlaneZXAxisXstdv,13.802083333333334,2317,26.943691062580925,28.918038119147397,0.09234895526152143,0.09234895526152143
SAu23_LipTightener,4.947916666666666,1233,0.24271527279843444,0.47594316001479176,-0.09200399482402506,0.09200399482402506
HipCenter_SpinePlaneYZAxisZavg,13.578869047619047,2323,89.15587553723634,26.077629699220754,-0.09130749247034967,0.09130749247034967
ShoulderRight_ElbowRightPlaneZXAxisXavg,13.578869047619047,2323,-33.112002362462334,43.367858281635165,0.09109236060855737,0.09109236060855737
ElbowLeft_WristLeftPlaneXYAxisYavg,13.578869047619047,2323,58.30174015152819,100.08133298904512,-0.09089922569544152,0.09089922569544152
ShoulderCenter_HeadPlaneXYAxisYavg,13.578869047619047,2323,10.577968766250539,6.329077818584069,0.08429980001536425,0.08429980001536425
SnErrorKeys,1.1532738095238095,76,9.279262325931501,12.452149185387643,-0.08425224893495133,0.08425224893495133
WristLeft_HandLeftPlaneYZAxisZstdv,14.694940476190476,2293,80.34239329699083,56.86340507984463,-0.08308462666327612,0.08308462666327612
Sneutral,4.947916666666666,2542,0.7234064438356164,0.21868497685360802,0.08168518475829521,0.08168518475829521
ShoulderCenter_ShoulderRightPlaneYZAxisZavg,13.578869047619047,2323,-42.964662786483,19.95847395935,-0.08152427931168335,0.08152427931168335
ShoulderCenter_ShoulderRightShoulderRight_ElbowRightstdv,13.578869047619047,2323,12.168766476108479,9.708928080654111,-0.07929921757793847,0.07929921757793847
ShoulderRight_ElbowRightPlaneZXAxisXstdv,14.0625,2310,24.399090997835497,18.364173780511464,-0.07788418889528942,0.07788418889528942
SnKeyStrokes,1.1532738095238095,294,85.24538953707189,73.7229632032793,-0.0776328283681,0.0776328283681
ShoulderCenter_ShoulderRightShoulderRight_ElbowRightavg,13.578869047619047,2323,113.54587987343953,27.35438199577174,0.07711744934763358,0.07711744934763358
SnDirectionKeys,1.1532738095238095,73,3.3699661272111405,11.343674981446513,-0.07676921034890664,0.07676921034890664
SxHeadOrientation,4.947916666666666,2550,-4.531242597260274,4.90238829686088,-0.07619522453332599,0.07619522453332599
SAu09_NoseWrinkler,4.947916666666666,952,0.11184076712328767,0.2784136123196853,-0.07464746060300675,0.07464746060300675
Spine_ShoulderCenterPlaneZXAxisXstdv,13.578869047619047,2323,26.376821145071027,26.665334195720057,0.07412087837906042,0.07412087837906042
SgazeDirectionLeft,4.947916666666666,1307,0.1311775409001957,0.1629387218067282,-0.0732240770487814,0.0732240770487814
ShoulderCenter_ShoulderRightPlaneZXAxisXavg,13.578869047619047,2323,22.506479514851485,10.028414704987515,-0.0718551566054138,0.0718551566054138
HipCenter_SpinePlaneZXAxisXavg,13.578869047619047,2323,-29.076145451140764,88.06525082607835,0.07053990183848537,0.07053990183848537
WristRight_HandRightPlaneXYAxisYstdv,13.653273809523808,2321,89.47455596897889,38.647069173623045,-0.06962449865834859,0.06962449865834859
HR,52.938988095238095,48,73.9786561264822,8.119383341781754,0.06773152475864745,0.06773152475864745
Sdisgusted,4.947916666666666,2126,0.013961742074363993,0.03177050236621719,0.06374193302325067,0.06374193302325067
WristRight_HandRightKinectZAxisstdv,13.653273809523808,2321,85.56809659414046,46.354712451703826,-0.06261973431168559,0.06261973431168559
SAu07_LidTightener,4.947916666666666,993,0.17219425596868884,0.39672373364258695,0.0624113935913744,0.0624113935913744
WristRight_HandRightPlaneZXAxisXstdv,13.616071428571427,2322,53.542493673557274,30.871722025326644,-0.0623715889630121,0.0623715889630121
SnShortcutKeys,1.1532738095238095,19,0.7738050432818969,1.8789673720345277,-0.06072820281768891,0.06072820281768891
WristRight_HandRightPlaneXYAxisYavg,13.578869047619047,2323,28.705237879896686,70.0178270526245,0.05974271295656215,0.05974271295656215
SnChars,1.1532738095238095,216,53.54422280767783,51.177538598594,-0.05931535021731363,0.05931535021731363
SrightEyebrowRaised,4.947916666666666,766,0.10220449549902154,0.23671970924608285,0.059035662351075664,0.059035662351075664
ShoulderLeft_ElbowLeftPlaneZXAxisXavg,13.578869047619047,2323,-111.16360860396038,53.427444734128734,0.05796153646704203,0.05796153646704203
ShoulderCenter_HeadPlaneYZAxisZstdv,13.578869047619047,2323,4.161224475247525,2.216715661512424,0.05702339028089794,0.05702339028089794
ElbowLeft_WristLeftPlaneZXAxisXavg,13.578869047619047,2323,-60.94819216444252,35.62083509707899,0.056322129835128576,0.056322129835128576
ElbowRight_WristRightWristRight_HandRightstdv,13.578869047619047,2323,24.992189738699956,14.920920137064858,-0.0554537998675862,0.0554537998675862
SnSpaces,1.1532738095238095,59,11.159954836281521,11.338789830367109,-0.05286966018387928,0.05286966018387928
Spine_ShoulderCenterPlaneYZAxisZavg,13.578869047619047,2323,98.50756011795092,9.007413256981424,-0.05193694714283547,0.05193694714283547
leanAngleavg,13.578869047619047,2323,98.50756011795092,9.007413256981424,-0.05193694714283547,0.05193694714283547
SAu17_ChinRaiser,4.947916666666666,1441,0.5875390227005871,1.0286089391001267,-0.05148453039039722,0.05148453039039722
ElbowLeft_WristLeftPlaneYZAxisZstdv,14.546130952380953,2297,29.957759023508927,40.72202521824487,-0.0509811122162826,0.0509811122162826
Svalence,4.947916666666666,2533,-0.053609385518591,0.08501809499328425,-0.04791505579043078,0.04791505579043078
WristRight_HandRightPlaneZXAxisXavg,13.578869047619047,2323,-42.395862655617734,52.19929346144731,0.04578684271952543,0.04578684271952543
SnAppChange,1.1532738095238095,24,3.612344749717727,3.8126649229689495,0.03921948285616302,0.03921948285616302
ElbowRight_WristRightPlaneXYAxisYstdv,13.653273809523808,2321,83.43118935329599,45.07779774397286,-0.03857865191737901,0.03857865191737901
SAu27_MouthStretch,4.947916666666666,410,0.029408032485322897,0.13945079233997767,0.037558319081641055,0.037558319081641055
ShoulderCenter_ShoulderLeftPlaneZXAxisXavg,13.578869047619047,2323,-39.90646541713302,144.90004137779732,-0.03719556069257922,0.03719556069257922
SnWheel,1.1532738095238095,46,3.989461799021453,6.445955376182546,-0.03654731093999271,0.03654731093999271
WristRight_HandRightKinectZAxisavg,13.578869047619047,2323,-72.30062349504949,62.65056459288293,0.035634789015759484,0.035634789015759484
ElbowRight_WristRightWristRight_HandRightavg,13.578869047619047,2323,149.0677867920792,19.81405931436444,0.03558266087994914,0.03558266087994914
SnLeftClicked,1.1532738095238095,38,7.061347384267972,6.539528797145203,0.035179334454831075,0.035179334454831075
avgDepthavg,13.578869047619047,2323,2124.3728789212228,44.60576483565417,-0.03484982010749135,0.03484982010749135
ElbowLeft_WristLeftWristLeft_HandLeftstdv,13.578869047619047,2323,12.712853556607833,8.469600562440817,-0.03393987184523169,0.03393987184523169
ShoulderCenter_HeadPlaneXYAxisYstdv,13.578869047619047,2323,3.755895970727508,2.1811000659754294,0.033789028853627626,0.033789028853627626
ShoulderRight_ElbowRightElbowRight_WristRightavg,13.578869047619047,2323,115.17735133318983,31.571988083063697,-0.03377070805536938,0.03377070805536938
ErrorKeyRatio,0.0,1078,0.20787813095238092,1.3576580150110897,-0.03087768819084824,0.03087768819084824
ShoulderRight_ElbowRightElbowRight_WristRightstdv,13.578869047619047,2323,21.769617008609558,14.03410649409952,-0.030287764894915734,0.030287764894915734
WristLeft_HandLeftPlaneZXAxisXavg,13.578869047619047,2323,-54.62535296857512,40.045970504295035,0.030285405374437392,0.030285405374437392
HipCenter_SpinePlaneXYAxisYavg,13.578869047619047,2323,-6.155507314248816,9.679937904915572,0.030183452249874655,0.030183452249874655
Spine_ShoulderCenterPlaneXYAxisYstdv,13.578869047619047,2323,2.970645512268618,4.221725366897118,-0.02911874545075522,0.02911874545075522
ShoulderLeft_ElbowLeftElbowLeft_WristLeftstdv,13.578869047619047,2323,11.907555123116659,10.872152649459505,-0.029073342064418285,0.029073342064418285
Squality,4.947916666666666,2523,0.9045293913894323,0.07062266004419777,0.02711055303735615,0.02711055303735615
ElbowRight_WristRightPlaneXYAxisYavg,13.578869047619047,2323,38.34203466724064,83.66831757896882,0.025447950314669447,0.025447950314669447
SAu12_LipCornerPuller,4.947916666666666,395,0.024717252837573384,0.11148567912665161,-0.024837267468345026,0.024837267468345026
ElbowLeft_WristLeftPlaneYZAxisZavg,13.578869047619047,2323,-122.26729420017219,49.421771823225335,-0.0244006483481033,0.0244006483481033
ShoulderLeft_ElbowLeftPlaneXYAxisYstdv,14.508928571428573,2298,32.369976529155785,47.92055355538599,-0.023990796628976973,0.023990796628976973
HipCenter_SpinePlaneYZAxisZstdv,13.578869047619047,2321,7.021319369780456,8.155430481581265,-0.022666796969428357,0.022666796969428357
Spine_ShoulderCenterShoulderCenter_ShoulderRightavg,13.578869047619047,2323,65.08929328842015,8.03769467758057,-0.02247795929499822,0.02247795929499822
ShoulderCenter_ShoulderLeftPlaneZXAxisXstdv,19.456845238095237,2165,45.997889862355656,58.0703838195832,0.0224366232399789,0.0224366232399789
Spine_ShoulderCenterShoulderCenter_ShoulderRightstdv,13.578869047619047,2322,4.222967411106328,3.8755648232978697,0.022195741153059265,0.022195741153059265
ElbowRight_WristRightPlaneYZAxisZstdv,13.616071428571427,2322,47.66834325968993,39.69724955143119,-0.020823088329866908,0.020823088329866908
ShoulderRight_ElbowRightPlaneXYAxisYavg,13.578869047619047,2322,100.58657441842446,92.65370707028698,0.02020305163034828,0.02020305163034828
ShoulderCenter_ShoulderLeftPlaneXYAxisYstdv,16.964285714285715,2232,4.400130605286739,5.672063630916578,0.019074256932681888,0.019074256932681888
leftShoulderAnglestdv,16.964285714285715,2232,4.400130605286739,5.672063630916578,0.019074256932681888,0.019074256932681888
SnDragged,1.1532738095238095,24,2.012043658261197,2.909245661227382,-0.018433087298391476,0.018433087298391476
SnRightClicked,1.1532738095238095,9,0.23710952201731275,0.71310373943501,-0.018389935916035535,0.018389935916035535
WristLeft_HandLeftPlaneXYAxisYstdv,13.616071428571427,2321,55.166184773040484,51.646390600714575,0.01808837608047152,0.01808837608047152
ShoulderCenter_ShoulderLeftPlaneYZAxisZavg,13.578869047619047,2323,-86.66977109900989,33.6288185038447,0.017973234414094718,0.017973234414094718
SAu04_BrowLowerer,4.947916666666666,1154,0.2223609526418787,0.4036471019521024,0.01745427391230799,0.01745427391230799
Spine_ShoulderCenterShoulderCenter_Headstdv,13.578869047619047,2323,4.588461378390013,3.3052973956784957,-0.017222255625511808,0.017222255625511808
ShoulderCenter_ShoulderLeftPlaneYZAxisZstdv,15.178571428571427,2280,10.712282995614034,15.401435315820631,0.017119756276416383,0.017119756276416383
SnDoubleClicked,1.1532738095238095,18,0.42152803914188935,1.3532491851053745,-0.01651518092129812,0.01651518092129812
ElbowRight_WristRightPlaneZXAxisXstdv,13.616071428571427,2321,41.31875718087855,28.4113019133368,-0.01634741481357965,0.01634741481357965
ShoulderCenter_ShoulderRightPlaneZXAxisXstdv,13.578869047619047,2323,4.708828110202325,5.856363413713532,-0.015882196742148746,0.015882196742148746
ShoulderRight_ElbowRightPlaneYZAxisZstdv,13.950892857142858,2313,21.101323105058366,31.57298735912129,0.015748642325288536,0.015748642325288536
SAu20_LipStretcher,4.947916666666666,677,0.042802803522504894,0.1320554016247048,0.015619306063946167,0.015619306063946167
RMSSD,52.938988095238095,1255,0.053206709881422926,0.03147853234037785,0.01545813886596575,0.01545813886596575
leanAnglestdv,13.578869047619047,2323,3.430301325010762,5.3498523280027035,-0.01489529200724643,0.01489529200724643
Spine_ShoulderCenterPlaneYZAxisZstdv,13.578869047619047,2323,3.430301325010762,5.3498523280027035,-0.01489529200724643,0.01489529200724643
Spine_ShoulderCenterShoulderCenter_ShoulderLeftstdv,13.578869047619047,2323,4.521153011192424,4.089996328289699,0.01481340399983425,0.01481340399983425
ElbowRight_WristRightPlaneYZAxisZavg,13.578869047619047,2323,-104.80430170124838,52.36145314015968,-0.013468162454229163,0.013468162454229163
HipCenter_SpinePlaneXYAxisYstdv,13.578869047619047,2322,4.23340396814464,6.691559027817947,-0.013227305853012631,0.013227305853012631
SnMouseDistance,1.1532738095238095,2253,10428.38023257358,11770.619280327097,-0.010366650153344061,0.010366650153344061
Sangry,4.947916666666666,2444,0.026779053620352253,0.042445802222250306,0.010159035578537177,0.010159035578537177
SnMouseAct,1.1532738095238095,76,15.764772299586,14.614782275200733,-0.010068363941666138,0.010068363941666138
ShoulderLeft_ElbowLeftPlaneXYAxisYavg,13.578869047619047,2323,-139.84957130348687,49.805827881761665,-0.00796915873499188,0.00796915873499188
ShoulderLeft_ElbowLeftElbowLeft_WristLeftavg,13.578869047619047,2323,122.73110432156695,24.565712958244948,-0.007231691950317021,0.007231691950317021
HipCenter_SpineSpine_ShoulderCenterstdv,13.578869047619047,2323,4.547775197589324,5.322998517051981,-0.007227029395043274,0.007227029395043274
rightShoulderAnglestdv,13.578869047619047,2322,4.548896786482996,7.455912197365261,0.0072163306962735084,0.0072163306962735084
ShoulderCenter_ShoulderRightPlaneXYAxisYstdv,13.578869047619047,2322,4.548896786482996,7.455912197365261,0.0072163306962735084,0.0072163306962735084
SnTabfocusChange,1.1532738095238095,19,1.8821979676326683,2.5944600359155148,-0.005374506950883958,0.005374506950883958
ElbowRight_WristRightPlaneZXAxisXavg,13.578869047619047,2323,-44.66167527077055,51.68038611236049,0.005294406415200732,0.005294406415200732
ShoulderCenter_ShoulderLeftShoulderLeft_ElbowLeftstdv,13.578869047619047,2322,7.597386560912613,6.011959017975624,-0.00483318429036745,0.00483318429036745
CharactersRatio,0.0,1330,0.4988441979166667,0.2791035252582395,0.002810909624482049,0.002810909624482049
ShoulderLeft_ElbowLeftPlaneYZAxisZstdv,18.415178571428573,2193,6.8253071523027815,12.691082360481666,-0.0015576190674981116,0.0015576190674981116
ShoulderCenter_ShoulderRightPlaneYZAxisZstdv,13.727678571428573,2318,10.813795974989219,13.130880411339657,0.0014300128826567773,0.0014300128826567773
