Feature,Missing_Count,Total,Missing_Percentage
RMSSD,1423,2688,52.938988095238095
HR,1423,2688,52.938988095238095
SCL,535,2688,19.903273809523807
ShoulderCenter_ShoulderLeftPlaneZXAxisXstdv,523,2688,19.456845238095237
ShoulderLeft_ElbowLeftPlaneYZAxisZstdv,495,2688,18.415178571428573
leftShoulderAnglestdv,456,2688,16.964285714285715
ShoulderCenter_ShoulderLeftPlaneXYAxisYstdv,456,2688,16.964285714285715
ShoulderCenter_ShoulderLeftPlaneYZAxisZstdv,408,2688,15.178571428571427
WristLeft_HandLeftPlaneYZAxisZstdv,395,2688,14.694940476190476
ElbowLeft_WristLeftPlaneYZAxisZstdv,391,2688,14.546130952380953
ShoulderLeft_ElbowLeftPlaneXYAxisYstdv,390,2688,14.508928571428573
ShoulderRight_ElbowRightPlaneZXAxisXstdv,378,2688,14.0625
ShoulderRight_ElbowRightPlaneYZAxisZstdv,375,2688,13.950892857142858
WristLeft_HandLeftPlaneZXAxisXstdv,371,2688,13.802083333333334
ElbowLeft_WristLeftPlaneZXAxisXstdv,370,2688,13.764880952380953
ShoulderCenter_ShoulderRightPlaneYZAxisZstdv,369,2688,13.727678571428573
ShoulderLeft_ElbowLeftPlaneZXAxisXstdv,367,2688,13.653273809523808
ElbowLeft_WristLeftPlaneXYAxisYstdv,367,2688,13.653273809523808
ElbowRight_WristRightPlaneXYAxisYstdv,367,2688,13.653273809523808
WristRight_HandRightPlaneXYAxisYstdv,367,2688,13.653273809523808
WristRight_HandRightKinectZAxisstdv,367,2688,13.653273809523808
ElbowRight_WristRightPlaneZXAxisXstdv,366,2688,13.616071428571427
WristRight_HandRightPlaneZXAxisXstdv,366,2688,13.616071428571427
WristLeft_HandLeftPlaneXYAxisYstdv,366,2688,13.616071428571427
ElbowRight_WristRightPlaneYZAxisZstdv,366,2688,13.616071428571427
ShoulderCenter_ShoulderRightPlaneZXAxisXavg,365,2688,13.578869047619047
ShoulderCenter_ShoulderRightPlaneXYAxisYavg,365,2688,13.578869047619047
ShoulderCenter_ShoulderRightPlaneYZAxisZavg,365,2688,13.578869047619047
ShoulderLeft_ElbowLeftPlaneZXAxisXavg,365,2688,13.578869047619047
ShoulderCenter_HeadPlaneZXAxisXavg,365,2688,13.578869047619047
ShoulderCenter_HeadPlaneXYAxisYavg,365,2688,13.578869047619047
HipCenter_SpinePlaneXYAxisYavg,365,2688,13.578869047619047
HipCenter_SpinePlaneZXAxisXavg,365,2688,13.578869047619047
ShoulderCenter_ShoulderLeftPlaneXYAxisYavg,365,2688,13.578869047619047
ShoulderCenter_ShoulderLeftPlaneYZAxisZavg,365,2688,13.578869047619047
ElbowLeft_WristLeftPlaneYZAxisZavg,365,2688,13.578869047619047
WristLeft_HandLeftPlaneZXAxisXavg,365,2688,13.578869047619047
WristLeft_HandLeftPlaneXYAxisYavg,365,2688,13.578869047619047
ElbowLeft_WristLeftPlaneXYAxisYavg,365,2688,13.578869047619047
WristLeft_HandLeftPlaneYZAxisZavg,365,2688,13.578869047619047
WristRight_HandRightPlaneZXAxisXavg,365,2688,13.578869047619047
ShoulderRight_ElbowRightElbowRight_WristRightstdv,365,2688,13.578869047619047
ShoulderCenter_ShoulderRightShoulderRight_ElbowRightstdv,365,2688,13.578869047619047
ElbowLeft_WristLeftWristLeft_HandLeftstdv,365,2688,13.578869047619047
ShoulderLeft_ElbowLeftElbowLeft_WristLeftstdv,365,2688,13.578869047619047
ShoulderCenter_ShoulderLeftShoulderLeft_ElbowLeftstdv,365,2688,13.578869047619047
Spine_ShoulderCenterShoulderCenter_ShoulderRightstdv,365,2688,13.578869047619047
Spine_ShoulderCenterShoulderCenter_ShoulderLeftstdv,365,2688,13.578869047619047
Spine_ShoulderCenterShoulderCenter_Headstdv,365,2688,13.578869047619047
HipCenter_SpineSpine_ShoulderCenterstdv,365,2688,13.578869047619047
leanAnglestdv,365,2688,13.578869047619047
rightShoulderAnglestdv,365,2688,13.578869047619047
avgDepthstdv,365,2688,13.578869047619047
WristRight_HandRightKinectZAxisavg,365,2688,13.578869047619047
WristRight_HandRightPlaneXYAxisYavg,365,2688,13.578869047619047
HipCenter_SpinePlaneYZAxisZstdv,365,2688,13.578869047619047
HipCenter_SpinePlaneXYAxisYstdv,365,2688,13.578869047619047
ElbowRight_WristRightPlaneYZAxisZavg,365,2688,13.578869047619047
ElbowRight_WristRightPlaneXYAxisYavg,365,2688,13.578869047619047
ElbowRight_WristRightPlaneZXAxisXavg,365,2688,13.578869047619047
ShoulderCenter_ShoulderRightPlaneZXAxisXstdv,365,2688,13.578869047619047
ShoulderCenter_ShoulderRightPlaneXYAxisYstdv,365,2688,13.578869047619047
ShoulderCenter_HeadPlaneYZAxisZstdv,365,2688,13.578869047619047
Spine_ShoulderCenterPlaneYZAxisZstdv,365,2688,13.578869047619047
ShoulderCenter_HeadPlaneZXAxisXstdv,365,2688,13.578869047619047
Spine_ShoulderCenterPlaneZXAxisXstdv,365,2688,13.578869047619047
Spine_ShoulderCenterPlaneXYAxisYstdv,365,2688,13.578869047619047
ShoulderCenter_HeadPlaneXYAxisYstdv,365,2688,13.578869047619047
ShoulderRight_ElbowRightPlaneXYAxisYstdv,365,2688,13.578869047619047
ElbowRight_WristRightWristRight_HandRightstdv,365,2688,13.578869047619047
HipCenter_SpinePlaneZXAxisXstdv,365,2688,13.578869047619047
Spine_ShoulderCenterShoulderCenter_ShoulderLeftavg,365,2688,13.578869047619047
Spine_ShoulderCenterShoulderCenter_ShoulderRightavg,365,2688,13.578869047619047
ElbowRight_WristRightWristRight_HandRightavg,365,2688,13.578869047619047
ShoulderRight_ElbowRightElbowRight_WristRightavg,365,2688,13.578869047619047
ShoulderLeft_ElbowLeftPlaneYZAxisZavg,365,2688,13.578869047619047
ShoulderRight_ElbowRightPlaneYZAxisZavg,365,2688,13.578869047619047
ShoulderRight_ElbowRightPlaneXYAxisYavg,365,2688,13.578869047619047
ShoulderRight_ElbowRightPlaneZXAxisXavg,365,2688,13.578869047619047
ShoulderLeft_ElbowLeftPlaneXYAxisYavg,365,2688,13.578869047619047
ElbowLeft_WristLeftPlaneZXAxisXavg,365,2688,13.578869047619047
Spine_ShoulderCenterPlaneYZAxisZavg,365,2688,13.578869047619047
Spine_ShoulderCenterPlaneXYAxisYavg,365,2688,13.578869047619047
Spine_ShoulderCenterPlaneZXAxisXavg,365,2688,13.578869047619047
HipCenter_SpinePlaneYZAxisZavg,365,2688,13.578869047619047
ShoulderCenter_ShoulderLeftPlaneZXAxisXavg,365,2688,13.578869047619047
ShoulderCenter_HeadPlaneYZAxisZavg,365,2688,13.578869047619047
rightShoulderAngleavg,365,2688,13.578869047619047
leanAngleavg,365,2688,13.578869047619047
Spine_ShoulderCenterShoulderCenter_Headavg,365,2688,13.578869047619047
HipCenter_SpineSpine_ShoulderCenteravg,365,2688,13.578869047619047
ShoulderLeft_ElbowLeftElbowLeft_WristLeftavg,365,2688,13.578869047619047
ShoulderCenter_ShoulderLeftShoulderLeft_ElbowLeftavg,365,2688,13.578869047619047
ShoulderCenter_ShoulderRightShoulderRight_ElbowRightavg,365,2688,13.578869047619047
ElbowLeft_WristLeftWristLeft_HandLeftavg,365,2688,13.578869047619047
avgDepthavg,365,2688,13.578869047619047
leftShoulderAngleavg,365,2688,13.578869047619047
Shappy,133,2688,4.947916666666666
Squality,133,2688,4.947916666666666
Sangry,133,2688,4.947916666666666
Ssad,133,2688,4.947916666666666
SrightEyebrowRaised,133,2688,4.947916666666666
SrightEyebrowLowered,133,2688,4.947916666666666
SAu17_ChinRaiser,133,2688,4.947916666666666
SAu20_LipStretcher,133,2688,4.947916666666666
SAu07_LidTightener,133,2688,4.947916666666666
SAu09_NoseWrinkler,133,2688,4.947916666666666
SAu10_UpperLipRaiser,133,2688,4.947916666666666
SAu12_LipCornerPuller,133,2688,4.947916666666666
SAu14_Dimpler,133,2688,4.947916666666666
SAu15_LipCornerDepressor,133,2688,4.947916666666666
SAu25_LipsPart,133,2688,4.947916666666666
SAu26_JawDrop,133,2688,4.947916666666666
SAu23_LipTightener,133,2688,4.947916666666666
SleftEyebrowRaised,133,2688,4.947916666666666
SAu04_BrowLowerer,133,2688,4.947916666666666
SAu02_OuterBrowRaiser,133,2688,4.947916666666666
SAu01_InnerBrowRaiser,133,2688,4.947916666666666
SgazeDirectionRight,133,2688,4.947916666666666
SyHeadOrientation,133,2688,4.947916666666666
SxHeadOrientation,133,2688,4.947916666666666
SzHeadOrientation,133,2688,4.947916666666666
SmouthOpen,133,2688,4.947916666666666
Svalence,133,2688,4.947916666666666
Sdisgusted,133,2688,4.947916666666666
Sscared,133,2688,4.947916666666666
Ssurprised,133,2688,4.947916666666666
Sneutral,133,2688,4.947916666666666
SleftEyebrowLowered,133,2688,4.947916666666666
SrightEyeClosed,133,2688,4.947916666666666
SleftEyeClosed,133,2688,4.947916666666666
SgazeDirectionLeft,133,2688,4.947916666666666
SgazeDirectionForward,133,2688,4.947916666666666
SAu06_CheekRaiser,133,2688,4.947916666666666
SAu05_UpperLidRaiser,133,2688,4.947916666666666
SAu27_MouthStretch,133,2688,4.947916666666666
SAu43_EyesClosed,133,2688,4.947916666666666
SAu24_LipPressor,133,2688,4.947916666666666
NasaTLX,103,2688,3.831845238095238
SnChars,31,2688,1.1532738095238095
SnSpecialKeys,31,2688,1.1532738095238095
SnMouseDistance,31,2688,1.1532738095238095
SnKeyStrokes,31,2688,1.1532738095238095
SnShortcutKeys,31,2688,1.1532738095238095
SnSpaces,31,2688,1.1532738095238095
SnRightClicked,31,2688,1.1532738095238095
SnDoubleClicked,31,2688,1.1532738095238095
SnWheel,31,2688,1.1532738095238095
SnDragged,31,2688,1.1532738095238095
SnMouseAct,31,2688,1.1532738095238095
SnLeftClicked,31,2688,1.1532738095238095
SnAppChange,31,2688,1.1532738095238095
SnTabfocusChange,31,2688,1.1532738095238095
SnDirectionKeys,31,2688,1.1532738095238095
SnErrorKeys,31,2688,1.1532738095238095
Frustration,0,2688,0.0
Performance_rc,0,2688,0.0
PhysicalDemand,0,2688,0.0
TemporalDemand,0,2688,0.0
Arousal_rc,0,2688,0.0
Valence_rc,0,2688,0.0
Effort,0,2688,0.0
Dominance,0,2688,0.0
MentalEffort,0,2688,0.0
MentalDemand,0,2688,0.0
ErrorKeyRatio,0,2688,0.0
CharactersRatio,0,2688,0.0
