Feature,Correlation,Absolute_Correlation
Frustration,0.5455602050778057,0.5455602050778057
NasaTLX,0.5365780040676346,0.5365780040676346
TemporalDemand,0.4943373406126198,0.4943373406126198
MentalDemand,0.46082993478890694,0.46082993478890694
Valence_rc,-0.41433765860373933,0.41433765860373933
Arousal_rc,0.38236206931606365,0.38236206931606365
MentalEffort,0.37149729350494,0.37149729350494
Ssurprised,-0.30987031265852366,0.30987031265852366
SAu05_UpperLidRaiser,-0.2811756131189451,0.2811756131189451
PhysicalDemand,0.2774438393842419,0.2774438393842419
SCL,0.2340447685069756,0.2340447685069756
Spine_ShoulderCenterShoulderCenter_ShoulderLeftavg,-0.2240414438090888,0.2240414438090888
Performance_rc,-0.22033158987967327,0.22033158987967327
ShoulderCenter_HeadPlaneYZAxisZavg,-0.2101879198437272,0.2101879198437272
Effort,0.20696190933148315,0.20696190933148315
SyHeadOrientation,-0.20575714805242074,0.20575714805242074
SAu06_CheekRaiser,0.20269175229460504,0.20269175229460504
ShoulderRight_ElbowRightPlaneXYAxisYstdv,-0.1939968094110592,0.1939968094110592
SleftEyebrowLowered,0.1802020995645728,0.1802020995645728
SAu43_EyesClosed,0.18016102233214726,0.18016102233214726
Dominance,-0.17527013545205045,0.17527013545205045
ShoulderCenter_ShoulderLeftPlaneXYAxisYavg,-0.16610057072608772,0.16610057072608772
leftShoulderAngleavg,-0.16610057072608772,0.16610057072608772
avgDepthstdv,0.15981762202110197,0.15981762202110197
SAu10_UpperLipRaiser,0.15451066122194607,0.15451066122194607
WristLeft_HandLeftPlaneXYAxisYavg,-0.15421773064040983,0.15421773064040983
SzHeadOrientation,-0.15303365961714244,0.15303365961714244
ShoulderCenter_HeadPlaneZXAxisXavg,0.14948498841357763,0.14948498841357763
Spine_ShoulderCenterPlaneZXAxisXavg,0.14922447051095497,0.14922447051095497
SAu25_LipsPart,-0.14758151285030807,0.14758151285030807
ShoulderLeft_ElbowLeftPlaneZXAxisXstdv,0.14730354382867872,0.14730354382867872
ElbowLeft_WristLeftPlaneXYAxisYstdv,0.14656845508661326,0.14656845508661326
ElbowLeft_WristLeftPlaneZXAxisXstdv,0.14515137904222122,0.14515137904222122
SrightEyeClosed,0.14480999692618912,0.14480999692618912
SAu26_JawDrop,-0.14022526359331797,0.14022526359331797
Ssad,0.13669567087031836,0.13669567087031836
SleftEyebrowRaised,-0.13507465129590396,0.13507465129590396
ShoulderLeft_ElbowLeftPlaneYZAxisZavg,0.13267175760493077,0.13267175760493077
SleftEyeClosed,0.13169303975686958,0.13169303975686958
SrightEyebrowLowered,0.12926681731894865,0.12926681731894865
SAu15_LipCornerDepressor,-0.1195470491453223,0.1195470491453223
SmouthOpen,-0.11826130108276162,0.11826130108276162
SAu02_OuterBrowRaiser,-0.11802741429871985,0.11802741429871985
ShoulderRight_ElbowRightPlaneYZAxisZavg,0.11322520614381103,0.11322520614381103
Spine_ShoulderCenterPlaneXYAxisYavg,0.11211436618519682,0.11211436618519682
HipCenter_SpinePlaneZXAxisXstdv,-0.1112994945510643,0.1112994945510643
ElbowLeft_WristLeftWristLeft_HandLeftavg,0.11096329980847686,0.11096329980847686
SAu24_LipPressor,0.11082436971219371,0.11082436971219371
WristLeft_HandLeftPlaneYZAxisZavg,0.11015040461561873,0.11015040461561873
ShoulderCenter_HeadPlaneZXAxisXstdv,0.10708553003279075,0.10708553003279075
Shappy,0.10221110715419304,0.10221110715419304
Spine_ShoulderCenterShoulderCenter_Headavg,0.10140547708132393,0.10140547708132393
ShoulderCenter_ShoulderLeftShoulderLeft_ElbowLeftavg,0.101212888902776,0.101212888902776
HipCenter_SpineSpine_ShoulderCenteravg,-0.10116937573501021,0.10116937573501021
rightShoulderAngleavg,0.10074510904818834,0.10074510904818834
ShoulderCenter_ShoulderRightPlaneXYAxisYavg,0.10074510904818834,0.10074510904818834
SgazeDirectionForward,0.1003332538562753,0.1003332538562753
SAu14_Dimpler,0.09950981297752469,0.09950981297752469
SgazeDirectionRight,-0.09860306475448427,0.09860306475448427
SnSpecialKeys,-0.09785231540899186,0.09785231540899186
Sscared,-0.09645246495426944,0.09645246495426944
SAu01_InnerBrowRaiser,-0.09595416659296127,0.09595416659296127
WristLeft_HandLeftPlaneZXAxisXstdv,0.09234895526152143,0.09234895526152143
SAu23_LipTightener,-0.09200399482402506,0.09200399482402506
HipCenter_SpinePlaneYZAxisZavg,-0.09130749247034967,0.09130749247034967
ShoulderRight_ElbowRightPlaneZXAxisXavg,0.09109236060855737,0.09109236060855737
ElbowLeft_WristLeftPlaneXYAxisYavg,-0.09089922569544152,0.09089922569544152
ShoulderCenter_HeadPlaneXYAxisYavg,0.08429980001536425,0.08429980001536425
SnErrorKeys,-0.08425224893495133,0.08425224893495133
WristLeft_HandLeftPlaneYZAxisZstdv,-0.08308462666327612,0.08308462666327612
Sneutral,0.08168518475829521,0.08168518475829521
ShoulderCenter_ShoulderRightPlaneYZAxisZavg,-0.08152427931168335,0.08152427931168335
ShoulderCenter_ShoulderRightShoulderRight_ElbowRightstdv,-0.07929921757793847,0.07929921757793847
ShoulderRight_ElbowRightPlaneZXAxisXstdv,-0.07788418889528942,0.07788418889528942
SnKeyStrokes,-0.0776328283681,0.0776328283681
ShoulderCenter_ShoulderRightShoulderRight_ElbowRightavg,0.07711744934763358,0.07711744934763358
SnDirectionKeys,-0.07676921034890664,0.07676921034890664
SxHeadOrientation,-0.07619522453332599,0.07619522453332599
SAu09_NoseWrinkler,-0.07464746060300675,0.07464746060300675
Spine_ShoulderCenterPlaneZXAxisXstdv,0.07412087837906042,0.07412087837906042
SgazeDirectionLeft,-0.0732240770487814,0.0732240770487814
ShoulderCenter_ShoulderRightPlaneZXAxisXavg,-0.0718551566054138,0.0718551566054138
HipCenter_SpinePlaneZXAxisXavg,0.07053990183848537,0.07053990183848537
WristRight_HandRightPlaneXYAxisYstdv,-0.06962449865834859,0.06962449865834859
HR,0.06773152475864745,0.06773152475864745
Sdisgusted,0.06374193302325067,0.06374193302325067
WristRight_HandRightKinectZAxisstdv,-0.06261973431168559,0.06261973431168559
SAu07_LidTightener,0.0624113935913744,0.0624113935913744
WristRight_HandRightPlaneZXAxisXstdv,-0.0623715889630121,0.0623715889630121
SnShortcutKeys,-0.06072820281768891,0.06072820281768891
WristRight_HandRightPlaneXYAxisYavg,0.05974271295656215,0.05974271295656215
SnChars,-0.05931535021731363,0.05931535021731363
SrightEyebrowRaised,0.059035662351075664,0.059035662351075664
ShoulderLeft_ElbowLeftPlaneZXAxisXavg,0.05796153646704203,0.05796153646704203
ShoulderCenter_HeadPlaneYZAxisZstdv,0.05702339028089794,0.05702339028089794
ElbowLeft_WristLeftPlaneZXAxisXavg,0.056322129835128576,0.056322129835128576
ElbowRight_WristRightWristRight_HandRightstdv,-0.0554537998675862,0.0554537998675862
SnSpaces,-0.05286966018387928,0.05286966018387928
Spine_ShoulderCenterPlaneYZAxisZavg,-0.05193694714283547,0.05193694714283547
leanAngleavg,-0.05193694714283547,0.05193694714283547
SAu17_ChinRaiser,-0.05148453039039722,0.05148453039039722
ElbowLeft_WristLeftPlaneYZAxisZstdv,-0.0509811122162826,0.0509811122162826
Svalence,-0.04791505579043078,0.04791505579043078
WristRight_HandRightPlaneZXAxisXavg,0.04578684271952543,0.04578684271952543
SnAppChange,0.03921948285616302,0.03921948285616302
ElbowRight_WristRightPlaneXYAxisYstdv,-0.03857865191737901,0.03857865191737901
SAu27_MouthStretch,0.037558319081641055,0.037558319081641055
ShoulderCenter_ShoulderLeftPlaneZXAxisXavg,-0.03719556069257922,0.03719556069257922
SnWheel,-0.03654731093999271,0.03654731093999271
WristRight_HandRightKinectZAxisavg,0.035634789015759484,0.035634789015759484
ElbowRight_WristRightWristRight_HandRightavg,0.03558266087994914,0.03558266087994914
SnLeftClicked,0.035179334454831075,0.035179334454831075
avgDepthavg,-0.03484982010749135,0.03484982010749135
ElbowLeft_WristLeftWristLeft_HandLeftstdv,-0.03393987184523169,0.03393987184523169
ShoulderCenter_HeadPlaneXYAxisYstdv,0.033789028853627626,0.033789028853627626
ShoulderRight_ElbowRightElbowRight_WristRightavg,-0.03377070805536938,0.03377070805536938
ErrorKeyRatio,-0.03087768819084824,0.03087768819084824
ShoulderRight_ElbowRightElbowRight_WristRightstdv,-0.030287764894915734,0.030287764894915734
WristLeft_HandLeftPlaneZXAxisXavg,0.030285405374437392,0.030285405374437392
HipCenter_SpinePlaneXYAxisYavg,0.030183452249874655,0.030183452249874655
Spine_ShoulderCenterPlaneXYAxisYstdv,-0.02911874545075522,0.02911874545075522
ShoulderLeft_ElbowLeftElbowLeft_WristLeftstdv,-0.029073342064418285,0.029073342064418285
Squality,0.02711055303735615,0.02711055303735615
ElbowRight_WristRightPlaneXYAxisYavg,0.025447950314669447,0.025447950314669447
SAu12_LipCornerPuller,-0.024837267468345026,0.024837267468345026
ElbowLeft_WristLeftPlaneYZAxisZavg,-0.0244006483481033,0.0244006483481033
ShoulderLeft_ElbowLeftPlaneXYAxisYstdv,-0.023990796628976973,0.023990796628976973
HipCenter_SpinePlaneYZAxisZstdv,-0.022666796969428357,0.022666796969428357
Spine_ShoulderCenterShoulderCenter_ShoulderRightavg,-0.02247795929499822,0.02247795929499822
ShoulderCenter_ShoulderLeftPlaneZXAxisXstdv,0.0224366232399789,0.0224366232399789
Spine_ShoulderCenterShoulderCenter_ShoulderRightstdv,0.022195741153059265,0.022195741153059265
ElbowRight_WristRightPlaneYZAxisZstdv,-0.020823088329866908,0.020823088329866908
ShoulderRight_ElbowRightPlaneXYAxisYavg,0.02020305163034828,0.02020305163034828
ShoulderCenter_ShoulderLeftPlaneXYAxisYstdv,0.019074256932681888,0.019074256932681888
leftShoulderAnglestdv,0.019074256932681888,0.019074256932681888
SnDragged,-0.018433087298391476,0.018433087298391476
SnRightClicked,-0.018389935916035535,0.018389935916035535
WristLeft_HandLeftPlaneXYAxisYstdv,0.01808837608047152,0.01808837608047152
ShoulderCenter_ShoulderLeftPlaneYZAxisZavg,0.017973234414094718,0.017973234414094718
SAu04_BrowLowerer,0.01745427391230799,0.01745427391230799
Spine_ShoulderCenterShoulderCenter_Headstdv,-0.017222255625511808,0.017222255625511808
ShoulderCenter_ShoulderLeftPlaneYZAxisZstdv,0.017119756276416383,0.017119756276416383
SnDoubleClicked,-0.01651518092129812,0.01651518092129812
ElbowRight_WristRightPlaneZXAxisXstdv,-0.01634741481357965,0.01634741481357965
ShoulderCenter_ShoulderRightPlaneZXAxisXstdv,-0.015882196742148746,0.015882196742148746
ShoulderRight_ElbowRightPlaneYZAxisZstdv,0.015748642325288536,0.015748642325288536
SAu20_LipStretcher,0.015619306063946167,0.015619306063946167
RMSSD,0.01545813886596575,0.01545813886596575
leanAnglestdv,-0.01489529200724643,0.01489529200724643
Spine_ShoulderCenterPlaneYZAxisZstdv,-0.01489529200724643,0.01489529200724643
Spine_ShoulderCenterShoulderCenter_ShoulderLeftstdv,0.01481340399983425,0.01481340399983425
ElbowRight_WristRightPlaneYZAxisZavg,-0.013468162454229163,0.013468162454229163
HipCenter_SpinePlaneXYAxisYstdv,-0.013227305853012631,0.013227305853012631
SnMouseDistance,-0.010366650153344061,0.010366650153344061
Sangry,0.010159035578537177,0.010159035578537177
SnMouseAct,-0.010068363941666138,0.010068363941666138
ShoulderLeft_ElbowLeftPlaneXYAxisYavg,-0.00796915873499188,0.00796915873499188
ShoulderLeft_ElbowLeftElbowLeft_WristLeftavg,-0.007231691950317021,0.007231691950317021
HipCenter_SpineSpine_ShoulderCenterstdv,-0.007227029395043274,0.007227029395043274
rightShoulderAnglestdv,0.0072163306962735084,0.0072163306962735084
ShoulderCenter_ShoulderRightPlaneXYAxisYstdv,0.0072163306962735084,0.0072163306962735084
SnTabfocusChange,-0.005374506950883958,0.005374506950883958
ElbowRight_WristRightPlaneZXAxisXavg,0.005294406415200732,0.005294406415200732
ShoulderCenter_ShoulderLeftShoulderLeft_ElbowLeftstdv,-0.00483318429036745,0.00483318429036745
CharactersRatio,0.002810909624482049,0.002810909624482049
ShoulderLeft_ElbowLeftPlaneYZAxisZstdv,-0.0015576190674981116,0.0015576190674981116
ShoulderCenter_ShoulderRightPlaneYZAxisZstdv,0.0014300128826567773,0.0014300128826567773
