PP,count,mean,std,min,max
PP1,111,4.3108108108108105,0.9422749407057703,3.5,5.9
PP10,110,1.930909090909091,0.815980915245594,0.7,2.8
PP11,109,2.963302752293578,2.227133207547097,1.4,6.8
PP12,111,6.675675675675675,2.088593098289164,4.2,9.4
PP13,108,1.2333333333333332,0.20232295826043156,1.0,1.5
PP14,111,2.8864864864864868,0.7455914658220236,2.0,3.7
PP15,103,1.162135922330097,0.6257726995803449,0.4,2.0
PP16,111,5.45945945945946,3.1211413523779,2.0,10.0
PP17,111,5.1000000000000005,1.778047959267282,2.3,6.9
PP18,101,3.4742574257425742,1.4930273584463571,1.3,4.6
PP19,112,0.5303571428571429,0.9452431200408477,0.0,2.2
PP2,103,2.102912621359223,0.9359336651833042,1.4,3.4
PP20,111,2.189189189189189,0.11626877275703676,2.0,2.3
PP21,88,4.403409090909091,2.2631200548015875,2.1,7.1
PP22,108,2.160185185185185,1.4437062775555263,0.8,4.0
PP23,111,5.489189189189188,0.4925538920862736,5.0,6.1
PP24,111,4.448648648648649,2.553673463316749,1.3,7.4
PP25,110,1.1009090909090908,0.9474732650528944,0.3,2.3
PP3,109,1.4972477064220182,1.0584281423497013,0.6,2.9
PP4,110,4.527272727272727,0.48574337070633833,3.9,4.9
PP5,107,4.751401869158879,2.1013636401866194,2.2,7.0
PP6,108,2.4722222222222223,0.9040752318928548,1.3,3.2
PP7,112,2.851785714285714,0.9627271832370939,1.3,3.8
PP8,98,3.81530612244898,0.9961112057340451,2.6,4.7
PP9,104,2.8413461538461537,0.3898246000703585,2.4,3.3
