Feature,Variance,Unique_Values
Valence_rc,2.987818193196519,8
Arousal_rc,3.4993087030588192,9
Dominance,3.306458870531838,8
MentalEffort,4.8923504649813045,45
MentalDemand,4.28427845795231,41
PhysicalDemand,3.299377868750775,38
TemporalDemand,5.466844507062222,46
Effort,3.696506636893686,44
Performance_rc,5.445618232406472,46
Frustration,4.848413656970511,49
NasaTLX,208.53941062692004,65
HR,65.92438585080303,48
RMSSD,0.000990897998304214,1255
SCL,37338.56908050645,2153
Squality,0.004987560111718328,2523
Sneutral,0.04782311910146308,2542
Shappy,0.001618716475416442,2429
Ssad,0.003949345716923545,2496
Sangry,0.0018016461262903892,2444
Ssurprised,0.022396837693446393,2488
Sscared,9.944499069045694e-05,1510
Sdisgusted,0.0010093648206018118,2126
Svalence,0.007228076476287105,2533
SyHeadOrientation,61.55144375776517,2550
SxHeadOrientation,24.033411013198517,2550
SzHeadOrientation,22.625966512485192,2550
SmouthOpen,0.042470342467941055,1209
SleftEyeClosed,0.034084521842573046,1302
SrightEyeClosed,0.025959128666908974,1217
SleftEyebrowLowered,0.049531319625307456,1250
SleftEyebrowRaised,0.06620145943900123,1173
SrightEyebrowLowered,0.05102851856128746,1108
SrightEyebrowRaised,0.05603622074555,766
SgazeDirectionForward,0.04678244439130814,1588
SgazeDirectionLeft,0.026549027064010362,1307
SgazeDirectionRight,0.005346615169610183,775
SAu01_InnerBrowRaiser,0.8644053191438913,1107
SAu02_OuterBrowRaiser,0.4633704396808053,1229
SAu04_BrowLowerer,0.16293098291433097,1154
SAu05_UpperLidRaiser,0.8120677249196887,1150
SAu06_CheekRaiser,0.1409624368782524,583
SAu07_LidTightener,0.15738972083531427,993
SAu09_NoseWrinkler,0.07751413952489603,952
SAu10_UpperLipRaiser,0.2688836723275155,900
SAu12_LipCornerPuller,0.012429056650330722,395
SAu14_Dimpler,0.21470254530479305,1150
SAu15_LipCornerDepressor,0.24518671941277947,1139
SAu17_ChinRaiser,1.0580363495966885,1441
SAu20_LipStretcher,0.017438629098262087,677
SAu23_LipTightener,0.22652189156486566,1233
SAu24_LipPressor,0.02984060402214329,587
SAu25_LipsPart,0.36448911635504444,1367
SAu26_JawDrop,0.05378056508907084,612
SAu27_MouthStretch,0.019446523484247573,410
SAu43_EyesClosed,0.35749174939025724,1453
SnMouseAct,213.5918609515215,76
SnLeftClicked,42.76543688869138,38
SnRightClicked,0.5085169431961947,9
SnDoubleClicked,1.83128335698836,18
SnWheel,41.550340711736666,46
SnDragged,8.463710317370348,24
SnMouseDistance,138547478.24240798,2253
SnKeyStrokes,5435.075303472075,294
SnChars,2619.1404570105788,216
SnSpecialKeys,754.4355144514831,131
SnDirectionKeys,128.67896208469557,73
SnErrorKeys,155.05601933515015,76
SnShortcutKeys,3.530518385170339,19
SnSpaces,128.56815481723658,59
SnAppChange,14.536413814837825,24
SnTabfocusChange,6.731222877962735,19
CharactersRatio,0.07789877781157674,1330
ErrorKeyRatio,1.843235285723852,1078
avgDepthavg,1989.6742565736822,2323
leftShoulderAngleavg,100.52159958881654,2323
rightShoulderAngleavg,82.1190479013967,2323
leanAngleavg,81.13349358204471,2323
HipCenter_SpineSpine_ShoulderCenteravg,300.74137320501455,2322
Spine_ShoulderCenterShoulderCenter_Headavg,55.470066632938355,2323
Spine_ShoulderCenterShoulderCenter_ShoulderLeftavg,90.18330145539821,2323
Spine_ShoulderCenterShoulderCenter_ShoulderRightavg,64.60453573000702,2323
ShoulderCenter_ShoulderLeftShoulderLeft_ElbowLeftavg,191.57385756588573,2323
ShoulderLeft_ElbowLeftElbowLeft_WristLeftavg,603.4742531468837,2323
ElbowLeft_WristLeftWristLeft_HandLeftavg,254.50413643140365,2323
ShoulderCenter_ShoulderRightShoulderRight_ElbowRightavg,748.262214370601,2323
ShoulderRight_ElbowRightElbowRight_WristRightavg,996.7904315171162,2323
ElbowRight_WristRightWristRight_HandRightavg,392.5969465131522,2323
HipCenter_SpinePlaneZXAxisXavg,7755.488403060094,2323
HipCenter_SpinePlaneXYAxisYavg,93.70119784302128,2323
HipCenter_SpinePlaneYZAxisZavg,680.0427707296802,2323
Spine_ShoulderCenterPlaneZXAxisXavg,2899.6527286281853,2323
Spine_ShoulderCenterPlaneXYAxisYavg,21.294923683345825,2323
Spine_ShoulderCenterPlaneYZAxisZavg,81.13349358204471,2323
ShoulderCenter_HeadPlaneZXAxisXavg,620.0503285529281,2323
ShoulderCenter_HeadPlaneXYAxisYavg,40.05722603369287,2323
ShoulderCenter_HeadPlaneYZAxisZavg,101.32982323694556,2323
ShoulderCenter_ShoulderLeftPlaneZXAxisXavg,20996.02199128738,2323
ShoulderCenter_ShoulderLeftPlaneXYAxisYavg,100.52159958881654,2323
ShoulderCenter_ShoulderLeftPlaneYZAxisZavg,1130.8974339645276,2323
ShoulderCenter_ShoulderRightPlaneZXAxisXavg,100.56910149520982,2323
ShoulderCenter_ShoulderRightPlaneXYAxisYavg,82.1190479013967,2323
ShoulderCenter_ShoulderRightPlaneYZAxisZavg,398.34068278605196,2323
ShoulderLeft_ElbowLeftPlaneZXAxisXavg,2854.4918508183805,2323
ShoulderLeft_ElbowLeftPlaneXYAxisYavg,2480.620490987668,2323
ShoulderLeft_ElbowLeftPlaneYZAxisZavg,236.21627044537328,2323
ElbowLeft_WristLeftPlaneZXAxisXavg,1268.843893013294,2323
ElbowLeft_WristLeftPlaneXYAxisYavg,10016.273212864131,2323
ElbowLeft_WristLeftPlaneYZAxisZavg,2442.5115301469496,2323
WristLeft_HandLeftPlaneZXAxisXavg,1603.6797536308682,2323
WristLeft_HandLeftPlaneXYAxisYavg,7008.142561412742,2323
WristLeft_HandLeftPlaneYZAxisZavg,11650.905747973677,2323
ShoulderRight_ElbowRightPlaneZXAxisXavg,1880.771131935992,2323
ShoulderRight_ElbowRightPlaneXYAxisYavg,8584.709433866548,2322
ShoulderRight_ElbowRightPlaneYZAxisZavg,1412.6866457480403,2323
ElbowRight_WristRightPlaneZXAxisXavg,2670.8623087226624,2323
ElbowRight_WristRightPlaneXYAxisYavg,7000.387366495184,2323
ElbowRight_WristRightPlaneYZAxisZavg,2741.7217749491383,2323
WristRight_HandRightPlaneZXAxisXavg,2724.766237874296,2323
WristRight_HandRightPlaneXYAxisYavg,4902.496105171234,2323
WristRight_HandRightKinectZAxisavg,3925.093243806996,2323
avgDepthstdv,11.610458535604145,2323
leftShoulderAnglestdv,32.172305833166554,2232
rightShoulderAnglestdv,55.59062669482007,2322
leanAnglestdv,28.620919931435942,2323
HipCenter_SpineSpine_ShoulderCenterstdv,28.334313212537587,2323
Spine_ShoulderCenterShoulderCenter_Headstdv,10.924990873879045,2323
Spine_ShoulderCenterShoulderCenter_ShoulderLeftstdv,16.72806996542322,2323
Spine_ShoulderCenterShoulderCenter_ShoulderRightstdv,15.020002699583847,2322
ShoulderCenter_ShoulderLeftShoulderLeft_ElbowLeftstdv,36.143651233818424,2322
ShoulderLeft_ElbowLeftElbowLeft_WristLeftstdv,118.20370323314934,2323
ElbowLeft_WristLeftWristLeft_HandLeftstdv,71.73413368729781,2323
ShoulderCenter_ShoulderRightShoulderRight_ElbowRightstdv,94.26328447531394,2323
ShoulderRight_ElbowRightElbowRight_WristRightstdv,196.9561450877263,2323
ElbowRight_WristRightWristRight_HandRightstdv,222.63385773666758,2323
HipCenter_SpinePlaneZXAxisXstdv,1742.0589284394803,2323
HipCenter_SpinePlaneXYAxisYstdv,44.776962222771864,2322
HipCenter_SpinePlaneYZAxisZstdv,66.51104633990481,2321
Spine_ShoulderCenterPlaneZXAxisXstdv,711.0400477694374,2323
Spine_ShoulderCenterPlaneXYAxisYstdv,17.82296507350261,2323
Spine_ShoulderCenterPlaneYZAxisZstdv,28.620919931435942,2323
ShoulderCenter_HeadPlaneZXAxisXstdv,150.9454745906179,2323
ShoulderCenter_HeadPlaneXYAxisYstdv,4.757197497798022,2323
ShoulderCenter_HeadPlaneYZAxisZstdv,4.913828323994464,2323
ShoulderCenter_ShoulderLeftPlaneZXAxisXstdv,3372.1694769537103,2165
ShoulderCenter_ShoulderLeftPlaneXYAxisYstdv,32.172305833166554,2232
ShoulderCenter_ShoulderLeftPlaneYZAxisZstdv,237.20420978740694,2280
ShoulderCenter_ShoulderRightPlaneZXAxisXstdv,34.296992433482416,2323
ShoulderCenter_ShoulderRightPlaneXYAxisYstdv,55.59062669482007,2322
ShoulderCenter_ShoulderRightPlaneYZAxisZstdv,172.4200203769035,2318
ShoulderLeft_ElbowLeftPlaneZXAxisXstdv,1577.4399024697523,2321
ShoulderLeft_ElbowLeftPlaneXYAxisYstdv,2296.3794530546174,2298
ShoulderLeft_ElbowLeftPlaneYZAxisZstdv,161.06357148052888,2193
ElbowLeft_WristLeftPlaneZXAxisXstdv,608.3461964041619,2318
ElbowLeft_WristLeftPlaneXYAxisYstdv,2819.5306122130387,2321
ElbowLeft_WristLeftPlaneYZAxisZstdv,1658.2833378753712,2297
WristLeft_HandLeftPlaneZXAxisXstdv,836.2529286604619,2317
WristLeft_HandLeftPlaneXYAxisYstdv,2667.3496620815786,2321
WristLeft_HandLeftPlaneYZAxisZstdv,3233.4468372745005,2293
ShoulderRight_ElbowRightPlaneZXAxisXstdv,337.24287864082476,2310
ShoulderRight_ElbowRightPlaneXYAxisYstdv,2555.829273177789,2323
ShoulderRight_ElbowRightPlaneYZAxisZstdv,996.8535307792328,2313
ElbowRight_WristRightPlaneZXAxisXstdv,807.2020764107754,2321
ElbowRight_WristRightPlaneXYAxisYstdv,2032.0078494465245,2321
ElbowRight_WristRightPlaneYZAxisZstdv,1575.871621948604,2322
WristRight_HandRightPlaneZXAxisXstdv,953.0632208090383,2322
WristRight_HandRightPlaneXYAxisYstdv,1493.5959557108047,2321
WristRight_HandRightKinectZAxisstdv,2148.7593664801457,2321
