Feature,Group
Valence_rc,Questionnaire / Task
Arousal_rc,Questionnaire / Task
Dominance,Questionnaire / Task
MentalEffort,Questionnaire / Task
MentalDemand,Questionnaire / Task
PhysicalDemand,Questionnaire / Task
TemporalDemand,Questionnaire / Task
Effort,Questionnaire / Task
Performance_rc,Questionnaire / Task
Frustration,Questionnaire / Task
NasaTLX,Questionnaire / Task
HR,Physiological
RMSSD,Physiological
SCL,Physiological
SAu43_EyesClosed,Physiological
SnMouseAct,Behavioral
SnLeftClicked,Behavioral
SnRightClicked,Behavioral
SnDoubleClicked,Behavioral
SnMouseDistance,Behavioral
SnKeyStrokes,Behavioral
SnSpecialKeys,Behavioral
SnDirectionKeys,Behavioral
SnErrorKeys,Behavioral
SnShortcutKeys,Behavioral
ErrorKeyRatio,Behavioral
SyHeadOrientation,Posture
SxHeadOrientation,Posture
SzHeadOrientation,Posture
leftShoulderAngleavg,Posture
rightShoulderAngleavg,Posture
HipCenter_SpineSpine_ShoulderCenteravg,Posture
Spine_ShoulderCenterShoulderCenter_Headavg,Posture
Spine_ShoulderCenterShoulderCenter_ShoulderLeftavg,Posture
Spine_ShoulderCenterShoulderCenter_ShoulderRightavg,Posture
ShoulderCenter_ShoulderLeftShoulderLeft_ElbowLeftavg,Posture
ShoulderLeft_ElbowLeftElbowLeft_WristLeftavg,Posture
ElbowLeft_WristLeftWristLeft_HandLeftavg,Posture
ShoulderCenter_ShoulderRightShoulderRight_ElbowRightavg,Posture
ShoulderRight_ElbowRightElbowRight_WristRightavg,Posture
ElbowRight_WristRightWristRight_HandRightavg,Posture
HipCenter_SpinePlaneZXAxisXavg,Posture
HipCenter_SpinePlaneXYAxisYavg,Posture
HipCenter_SpinePlaneYZAxisZavg,Posture
Spine_ShoulderCenterPlaneZXAxisXavg,Posture
Spine_ShoulderCenterPlaneXYAxisYavg,Posture
Spine_ShoulderCenterPlaneYZAxisZavg,Posture
ShoulderCenter_HeadPlaneZXAxisXavg,Posture
ShoulderCenter_HeadPlaneXYAxisYavg,Posture
ShoulderCenter_HeadPlaneYZAxisZavg,Posture
ShoulderCenter_ShoulderLeftPlaneZXAxisXavg,Posture
ShoulderCenter_ShoulderLeftPlaneXYAxisYavg,Posture
ShoulderCenter_ShoulderLeftPlaneYZAxisZavg,Posture
ShoulderCenter_ShoulderRightPlaneZXAxisXavg,Posture
ShoulderCenter_ShoulderRightPlaneXYAxisYavg,Posture
ShoulderCenter_ShoulderRightPlaneYZAxisZavg,Posture
ShoulderLeft_ElbowLeftPlaneZXAxisXavg,Posture
ShoulderLeft_ElbowLeftPlaneXYAxisYavg,Posture
ShoulderLeft_ElbowLeftPlaneYZAxisZavg,Posture
ElbowLeft_WristLeftPlaneZXAxisXavg,Posture
ElbowLeft_WristLeftPlaneXYAxisYavg,Posture
ElbowLeft_WristLeftPlaneYZAxisZavg,Posture
WristLeft_HandLeftPlaneZXAxisXavg,Posture
WristLeft_HandLeftPlaneXYAxisYavg,Posture
WristLeft_HandLeftPlaneYZAxisZavg,Posture
ShoulderRight_ElbowRightPlaneZXAxisXavg,Posture
ShoulderRight_ElbowRightPlaneXYAxisYavg,Posture
ShoulderRight_ElbowRightPlaneYZAxisZavg,Posture
ElbowRight_WristRightPlaneZXAxisXavg,Posture
ElbowRight_WristRightPlaneXYAxisYavg,Posture
ElbowRight_WristRightPlaneYZAxisZavg,Posture
WristRight_HandRightPlaneZXAxisXavg,Posture
WristRight_HandRightPlaneXYAxisYavg,Posture
WristRight_HandRightKinectZAxisavg,Posture
leftShoulderAnglestdv,Posture
rightShoulderAnglestdv,Posture
HipCenter_SpineSpine_ShoulderCenterstdv,Posture
Spine_ShoulderCenterShoulderCenter_Headstdv,Posture
Spine_ShoulderCenterShoulderCenter_ShoulderLeftstdv,Posture
Spine_ShoulderCenterShoulderCenter_ShoulderRightstdv,Posture
ShoulderCenter_ShoulderLeftShoulderLeft_ElbowLeftstdv,Posture
ShoulderLeft_ElbowLeftElbowLeft_WristLeftstdv,Posture
ElbowLeft_WristLeftWristLeft_HandLeftstdv,Posture
ShoulderCenter_ShoulderRightShoulderRight_ElbowRightstdv,Posture
ShoulderRight_ElbowRightElbowRight_WristRightstdv,Posture
ElbowRight_WristRightWristRight_HandRightstdv,Posture
HipCenter_SpinePlaneZXAxisXstdv,Posture
HipCenter_SpinePlaneXYAxisYstdv,Posture
HipCenter_SpinePlaneYZAxisZstdv,Posture
Spine_ShoulderCenterPlaneZXAxisXstdv,Posture
Spine_ShoulderCenterPlaneXYAxisYstdv,Posture
Spine_ShoulderCenterPlaneYZAxisZstdv,Posture
ShoulderCenter_HeadPlaneZXAxisXstdv,Posture
ShoulderCenter_HeadPlaneXYAxisYstdv,Posture
ShoulderCenter_HeadPlaneYZAxisZstdv,Posture
ShoulderCenter_ShoulderLeftPlaneZXAxisXstdv,Posture
ShoulderCenter_ShoulderLeftPlaneXYAxisYstdv,Posture
ShoulderCenter_ShoulderLeftPlaneYZAxisZstdv,Posture
ShoulderCenter_ShoulderRightPlaneZXAxisXstdv,Posture
ShoulderCenter_ShoulderRightPlaneXYAxisYstdv,Posture
ShoulderCenter_ShoulderRightPlaneYZAxisZstdv,Posture
ShoulderLeft_ElbowLeftPlaneZXAxisXstdv,Posture
ShoulderLeft_ElbowLeftPlaneXYAxisYstdv,Posture
ShoulderLeft_ElbowLeftPlaneYZAxisZstdv,Posture
ElbowLeft_WristLeftPlaneZXAxisXstdv,Posture
ElbowLeft_WristLeftPlaneXYAxisYstdv,Posture
ElbowLeft_WristLeftPlaneYZAxisZstdv,Posture
WristLeft_HandLeftPlaneZXAxisXstdv,Posture
WristLeft_HandLeftPlaneXYAxisYstdv,Posture
WristLeft_HandLeftPlaneYZAxisZstdv,Posture
ShoulderRight_ElbowRightPlaneZXAxisXstdv,Posture
ShoulderRight_ElbowRightPlaneXYAxisYstdv,Posture
ShoulderRight_ElbowRightPlaneYZAxisZstdv,Posture
ElbowRight_WristRightPlaneZXAxisXstdv,Posture
ElbowRight_WristRightPlaneXYAxisYstdv,Posture
ElbowRight_WristRightPlaneYZAxisZstdv,Posture
WristRight_HandRightPlaneZXAxisXstdv,Posture
WristRight_HandRightPlaneXYAxisYstdv,Posture
WristRight_HandRightKinectZAxisstdv,Posture
SmouthOpen,Facial
SleftEyeClosed,Facial
SrightEyeClosed,Facial
SleftEyebrowLowered,Facial
SleftEyebrowRaised,Facial
SrightEyebrowLowered,Facial
SrightEyebrowRaised,Facial
SAu01_InnerBrowRaiser,Facial
SAu02_OuterBrowRaiser,Facial
SAu04_BrowLowerer,Facial
SAu05_UpperLidRaiser,Facial
SAu06_CheekRaiser,Facial
SAu07_LidTightener,Facial
SAu09_NoseWrinkler,Facial
SAu10_UpperLipRaiser,Facial
SAu12_LipCornerPuller,Facial
SAu14_Dimpler,Facial
SAu15_LipCornerDepressor,Facial
SAu17_ChinRaiser,Facial
SAu20_LipStretcher,Facial
SAu23_LipTightener,Facial
SAu24_LipPressor,Facial
SAu25_LipsPart,Facial
SAu26_JawDrop,Facial
SAu27_MouthStretch,Facial
Squality,Other
Sneutral,Other
Shappy,Other
Ssad,Other
Sangry,Other
Ssurprised,Other
Sscared,Other
Sdisgusted,Other
Svalence,Other
SgazeDirectionForward,Other
SgazeDirectionLeft,Other
SgazeDirectionRight,Other
SnWheel,Other
SnDragged,Other
SnChars,Other
SnSpaces,Other
SnAppChange,Other
SnTabfocusChange,Other
CharactersRatio,Other
avgDepthavg,Other
leanAngleavg,Other
avgDepthstdv,Other
leanAnglestdv,Other
