Feature_Group,Features,Model,MAE,RMSE,R2
Behavioral,11,Linear Regression,1.740252562902969,2.0916609809501354,-0.2363362171552259
All Sensing Features,154,KNN,1.7733333333333334,2.1429424274093347,-0.2977021034573668
Behavioral,11,Gradient Boosting,1.7771405063744385,2.144948933945362,-0.3001334023599016
Other,23,Gradient Boosting,1.7487718945614377,2.1449831627803726,-0.3001748974333702
Facial,25,Linear Regression,1.80284025105341,2.1534059331208217,-0.3104058173883144
Other,23,KNN,1.7389887640449437,2.16281391824258,-0.32188085668787436
Facial,25,KNN,1.8267790262172285,2.186224320381195,-0.350651932538963
Other,23,Random Forest,1.813763108614232,2.219878171847825,-0.3925547640521536
Facial,25,Random Forest,1.8346396057440564,2.224116345238057,-0.3978771484417314
Behavioral,11,Random Forest,1.8521137375710846,2.22588516880711,-0.40010147566429843
Other,23,Linear Regression,1.7833456920498927,2.229514319296059,-0.40467073312659685
Facial,25,Gradient Boosting,1.840251202978718,2.230557561771717,-0.4059855979928422
All Sensing Features,154,Random Forest,1.898786516853933,2.258364494305243,-0.44125914632098495
Physiological + Behavioral,15,Linear Regression,1.8936370545688463,2.2811257884892377,-0.47045747846654273
Behavioral,11,KNN,1.888501872659176,2.3120782032573053,-0.5106332542641501
Physiological,4,Linear Regression,1.9215983101971348,2.317161013633749,-0.5172824257423729
Physiological + Behavioral,15,Gradient Boosting,2.004224331814549,2.4440441325151108,-0.6879986282525741
Physiological + Behavioral,15,Random Forest,2.0320393258426965,2.448027517149082,-0.6935054250944142
All Sensing Features,154,Gradient Boosting,2.1234117103691457,2.4627820791759403,-0.7139808734379118
Physiological + Behavioral,15,KNN,2.045880149812734,2.474853455352087,-0.7308242754981316
Physiological,4,Gradient Boosting,2.103591267342816,2.528942054919414,-0.8073062853256736
Physiological,4,KNN,2.147752808988764,2.553723726034956,-0.8429002318601402
Posture,91,Linear Regression,2.1982448433502935,2.612259592896771,-0.9283535745120599
Physiological,4,Random Forest,2.176618319811807,2.6199525631937246,-0.9397281030039044
Posture,91,Gradient Boosting,2.449211122719675,2.7412705071180627,-1.12352700852832
All Sensing Features,154,Linear Regression,2.3602881602273396,2.8258551953419775,-1.2565959745166624
Posture,91,KNN,2.495056179775281,2.96542321287547,-1.4850055754868334
Posture,91,Random Forest,2.636323033707865,2.9995983004314613,-1.542612627614273
