Actual_Stress,Predicted_Stress
4.1,2.9
4.1,2.58
4.1,2.9
4.1,2.92
4.1,2.92
4.1,3.2399999999999998
4.1,2.9
4.1,2.9
4.1,2.9
4.1,2.9
4.1,2.58
4.1,2.58
4.1,2.9
4.1,2.58
4.1,2.58
4.1,2.9
4.1,2.9
4.1,2.9
4.1,2.9
4.1,2.9
4.1,2.9
4.1,2.2600000000000002
4.1,2.9
4.1,2.2600000000000002
4.1,2.58
4.1,2.9200000000000004
4.1,3.28
4.1,2.62
4.1,3.94
4.1,4.6
4.1,2.62
4.1,2.6
4.1,3.94
4.1,3.28
4.1,4.6
4.1,4.6
4.1,4.6
4.1,4.6
4.1,3.28
4.1,3.28
4.1,3.28
4.1,3.94
5.9,4.6
5.9,4.26
5.9,4.6
5.9,3.94
5.9,4.6
5.9,4.6
5.9,4.6
5.9,4.6
5.9,3.94
5.9,3.94
5.9,3.9199999999999995
5.9,4.6
5.9,4.6
5.9,4.6
5.9,4.6
5.9,3.6
5.9,3.6
5.9,4.26
5.9,3.6
5.9,3.6
5.9,4.26
5.9,4.26
5.9,3.94
5.9,4.26
5.9,4.339999999999999
5.9,4.26
5.9,4.6
3.5,4.6
3.5,4.6
3.5,3.4200000000000004
3.5,4.6
3.5,4.6
3.5,4.6
3.5,4.6
3.5,4.6
3.5,4.6
3.5,4.6
3.5,4.6
3.5,4.279999999999999
3.5,4.6
3.5,3.1599999999999997
3.5,4.6
3.5,4.6
3.5,4.6
3.5,4.6
3.5,4.6
3.5,4.339999999999999
3.5,4.6
3.5,4.6
3.5,4.6
3.5,4.6
3.5,4.6
3.5,4.6
3.5,4.6
3.5,4.6
3.5,4.6
3.5,4.6
3.5,4.6
3.5,4.6
3.5,4.340000000000001
3.5,4.6
3.5,4.6
3.5,4.6
3.5,4.6
3.5,4.6
3.5,4.6
3.5,4.6
3.5,4.6
3.5,4.6
1.4,1.9600000000000002
1.4,1.6200000000000003
1.4,2.52
1.4,2.06
1.4,1.9600000000000002
1.4,1.9600000000000002
1.4,2.06
1.4,3.1400000000000006
1.4,3.66
1.4,2.58
1.4,2.7199999999999998
1.4,2.78
1.4,2.9
1.4,2.96
1.4,3.0200000000000005
1.4,3.06
1.4,2.2
1.4,2.4000000000000004
1.4,3.04
1.4,3.04
1.4,3.1
1.4,3.12
1.4,3.1
1.4,2.54
1.4,2.54
1.4,2.6
1.4,3.72
1.4,2.9
1.4,2.92
1.4,2.9
1.4,4.54
1.4,4.08
1.4,2.92
1.4,4.2
1.4,3.7399999999999998
1.4,3.1
1.4,2.6
1.4,2.9
1.4,2.2
1.4,2.2800000000000002
1.4,2.7199999999999998
1.4,2.9
1.4,5.359999999999999
1.4,5.359999999999999
3.4,1.3
3.4,1.04
3.4,1.3
3.4,1.04
3.4,1.7
3.4,1.3
3.4,1.36
3.4,1.3
3.4,1.9400000000000002
3.4,2.62
3.4,1.04
3.4,1.6200000000000003
3.4,1.3599999999999999
3.4,1.3
3.4,1.3
3.4,1.3
3.4,1.04
3.4,1.6199999999999999
3.4,1.3
3.4,1.6199999999999999
3.4,1.3599999999999999
3.4,1.36
3.4,1.36
3.4,1.04
3.4,1.04
3.4,1.3
3.4,2.28
3.4,1.04
3.4,2.36
3.4,2.3600000000000003
3.4,1.9600000000000002
3.4,1.3
3.4,2.62
3.4,2.3
3.4,1.04
1.5,3.04
1.5,1.9
1.5,1.8
1.5,1.7600000000000002
1.5,1.3
1.5,2.4
1.5,1.5
1.5,1.58
1.5,2.04
1.5,1.6200000000000003
1.5,1.8
1.5,2.2600000000000002
1.5,1.98
1.5,1.8800000000000001
1.5,2.3600000000000003
1.5,2.14
1.5,2.3400000000000003
1.5,2.34
1.5,2.12
1.5,2.42
1.5,0.72
1.5,2.34
1.5,1.98
1.5,2.94
2.6,2.9
2.6,2.9
2.6,2.9
2.6,3.4799999999999995
2.6,2.3600000000000003
2.6,2.9
2.6,3.3599999999999994
2.6,2.9
2.6,2.9
2.6,3.06
2.6,2.6
2.6,2.9
2.6,2.9
2.6,2.9
2.6,2.7199999999999998
2.6,3.3
2.6,2.9
2.6,1.6600000000000001
2.6,3.08
2.6,2.9
2.6,2.9
2.6,2.9
2.6,2.9
2.6,2.9
2.6,2.9
2.6,2.9
2.6,2.9
2.6,2.9
2.6,2.9
2.6,2.9
2.6,2.9
2.6,2.9
2.6,3.4799999999999995
2.6,2.9
2.6,2.58
2.6,2.18
2.6,2.9
2.6,2.9
2.6,2.9
4.7,2.9
4.7,2.9
4.7,2.9
4.7,2.9
4.7,2.9
4.7,2.9
4.7,2.9
4.7,2.9
4.7,2.9
4.7,2.9
4.7,2.9
4.7,2.9
4.7,2.9
4.7,3.2399999999999998
4.7,3.2399999999999998
4.7,3.0200000000000005
4.7,3.2399999999999998
4.7,2.94
4.7,2.8200000000000003
4.7,2.18
4.7,2.62
4.7,3.06
4.7,3.2399999999999998
4.7,2.6000000000000005
4.7,2.62
4.7,2.92
4.7,3.6
4.7,2.92
4.7,3.5
4.7,2.92
4.7,3.0
4.7,2.2600000000000002
4.7,3.2599999999999993
4.7,3.34
4.7,2.92
4.5,4.1
4.5,4.08
4.5,2.56
4.5,2.9
4.5,2.8600000000000003
4.5,2.96
4.5,3.6399999999999997
4.5,4.06
4.5,3.1399999999999997
4.5,3.5599999999999996
4.5,3.3
4.5,3.5599999999999996
4.5,4.880000000000001
4.5,4.119999999999999
4.5,5.119999999999999
4.5,3.7800000000000002
4.5,3.38
4.5,2.88
4.5,3.3
4.5,3.3
4.5,2.8
4.5,3.06
4.5,4.040000000000001
4.5,3.7
6.9,3.54
6.9,2.8199999999999994
6.9,2.3199999999999994
6.9,3.4799999999999995
6.9,3.6
6.9,3.6
6.9,3.7600000000000002
6.9,4.220000000000001
6.9,3.9200000000000004
6.9,4.540000000000001
6.9,3.08
6.9,4.6
6.9,4.6
6.9,4.6
6.9,4.6
6.9,4.6
6.9,4.6
6.9,4.6
6.9,4.6
6.9,4.6
6.9,4.6
6.9,4.6
6.9,4.6
6.9,4.6
6.9,4.6
6.9,4.6
6.9,4.6
6.9,4.6
6.9,4.6
6.9,4.6
6.9,4.6
6.9,4.6
6.9,0.0
6.9,4.6
6.9,4.6
6.9,4.6
6.9,4.6
6.9,4.6
6.9,4.6
6.9,4.6
6.9,4.6
6.9,4.6
2.3,3.94
2.3,2.1
2.3,3.28
2.3,3.1000000000000005
2.3,3.7
2.3,2.62
2.3,2.5599999999999996
2.3,3.28
2.3,3.2
2.3,2.7600000000000002
2.3,3.28
2.3,3.4200000000000004
2.3,2.36
2.3,1.04
2.3,3.28
2.3,4.119999999999999
2.3,2.38
2.3,3.0999999999999996
2.3,2.7600000000000002
2.3,3.28
2.3,2.62
2.3,3.28
2.3,3.0200000000000005
2.3,1.5799999999999998
2.3,2.32
2.3,3.6399999999999997
2.3,3.4199999999999995
5.1,3.9599999999999995
5.1,3.5200000000000005
5.1,3.5200000000000005
5.1,3.56
5.1,2.3600000000000003
5.1,4.6
5.1,4.660000000000001
5.1,4.6
5.1,3.9199999999999995
5.1,2.6
5.1,4.279999999999999
5.1,2.7600000000000002
5.1,4.279999999999999
5.1,3.84
5.1,3.7399999999999998
5.1,3.12
5.1,4.54
5.1,4.6
5.1,3.6
5.1,4.6
5.1,3.9199999999999995
5.1,2.9200000000000004
5.1,4.159999999999999
5.1,4.659999999999999
5.1,4.6
5.1,4.6
5.1,2.08
5.1,4.2
5.1,5.2
5.1,2.0
5.1,3.56
5.1,3.5799999999999996
5.1,3.9599999999999995
5.1,4.76
5.1,3.72
5.1,4.62
5.1,4.6
5.1,4.6
5.1,4.6
5.1,4.6
5.1,4.6
5.1,4.6
5.7,2.9
5.7,3.0200000000000005
5.7,3.94
5.7,5.16
5.7,3.84
5.7,3.3200000000000003
5.7,4.0200000000000005
5.7,4.54
5.7,4.34
5.7,4.44
5.7,4.24
5.7,3.5799999999999996
5.7,3.7
5.7,4.52
5.7,3.5799999999999996
5.7,4.4
5.7,3.6599999999999993
5.7,3.6
5.7,4.26
5.7,4.26
5.7,4.279999999999999
5.7,4.159999999999999
5.7,3.9799999999999995
5.7,4.54
5.7,4.279999999999999
5.7,4.26
5.7,3.2399999999999998
5.7,2.38
5.7,4.540000000000001
5.7,3.84
5.7,4.840000000000001
5.7,3.8600000000000003
5.7,4.84
5.7,3.7199999999999998
5.7,1.7399999999999998
5.7,4.159999999999999
5.7,3.9199999999999995
5.7,3.66
5.7,3.2600000000000002
5.7,3.1000000000000005
5.7,3.8
5.7,5.38
7.4,3.5799999999999996
7.4,4.6
7.4,4.6
7.4,3.3
7.4,4.0
7.4,3.9
7.4,3.9
7.4,3.56
7.4,3.9
7.4,3.9
7.4,3.9
7.4,3.9
7.4,3.9
7.4,4.32
7.4,3.5200000000000005
7.4,4.04
7.4,3.9
7.4,3.9
7.4,3.9
7.4,4.0600000000000005
7.4,3.9799999999999995
7.4,3.9
7.4,3.9
7.4,3.9
7.4,3.9
7.4,3.9
7.4,3.38
1.3,3.2599999999999993
1.3,2.2600000000000002
1.3,3.2399999999999998
1.3,2.9
1.3,2.3400000000000003
1.3,3.9200000000000004
1.3,3.9200000000000004
1.3,3.4599999999999995
1.3,3.8
1.3,3.14
1.3,3.1399999999999997
1.3,2.8200000000000003
1.3,1.8400000000000003
1.3,3.46
1.3,3.2399999999999998
1.3,3.6
1.3,3.2399999999999998
1.3,3.14
1.3,2.88
1.3,1.6800000000000002
1.3,2.78
1.3,3.2599999999999993
1.3,2.1
1.3,2.32
1.3,2.32
1.3,2.3200000000000003
1.3,2.3200000000000003
1.3,2.84
1.3,3.6799999999999997
1.3,3.5200000000000005
1.3,3.46
1.3,3.1399999999999997
1.3,1.48
1.3,3.0
1.3,3.12
1.3,3.0599999999999996
1.3,3.22
1.3,3.7599999999999993
1.3,3.6799999999999997
1.3,3.7199999999999998
1.3,4.6
1.3,4.360000000000001
